{"sessionData":[{"Session":{"Id":1,"Key":"17863121","Status":0,"Total time":0},"Car":{"Name":"DAWD","Max speed":100.0,"Acceleration":11.0,"Deceleration":8.0}}],"lightTrafficData":[{"LightTraffic":{"Position id":1,"Red light duration":1,"Yellow light duration":2,"Green light duration":3,"Start color":2,"Next color":3,"Status":2,"Previous distance":100.0}},{"LightTraffic":{"Position id":2,"Red light duration":4,"Yellow light duration":5,"Green light duration":6,"Start color":3,"Next color":2,"Status":0,"Previous distance":500.0}}]}